<application>
  <component name="FileTypeManager" version="18">
    <extensionMap>
      <mapping pattern="11" type="AUTO_DETECTED" />
      <mapping pattern="1" type="AUTO_DETECTED" />
      <mapping pattern="2" type="AUTO_DETECTED" />
      <mapping pattern="ss" type="AUTO_DETECTED" />
      <mapping pattern="ProductMapper" type="AUTO_DETECTED" />
      <mapping ext="xmind" type="PLAIN_TEXT" />
      <mapping ext="object" type="PLAIN_TEXT" />
      <mapping ext="obj" type="PLAIN_TEXT" />
      <mapping pattern="ClassesMapper" type="XML" />
      <mapping pattern="sfas" type="XML" />
      <removed_mapping ext="apk" approved="true" type="ARCHIVE" />
      <removed_mapping ext="psd" approved="true" type="Image" />
      <mapping ext="gradle.kts" type="Kotlin" />
      <mapping ext="main.kts" type="Kotlin" />
      <mapping ext="space.kts" type="Kotlin" />
    </extensionMap>
  </component>
</application>