<application>
  <component name="Translation.Cache">
    <option name="lastTrimTime" value="1683253157562" />
  </component>
  <component name="Translation.Settings">
    <option name="translator" value="MICROSOFT" />
  </component>
  <component name="Translation.States">
    <histories>
      <item value="find Seckill Spu By Spu Id" />
      <item value="increment" />
      <item value="re Seckill Check Key" />
      <item value="store Durably" />
      <item value="find All Spu Id" />
      <item value="Unsatisfied dependency expressed through field 'spuRepository'; nested exception is org.springframework.beans.factory.BeanCreationException: Error creating bean with name 'spuForElasticRepository' defined in cn.tedu.mall.search.repository.SpuForElasticRepository defined in @EnableElasticsearchRepositories declared on ElasticsearchRepositoriesRegistrar" />
      <item value="freight" />
      <item value="is Buy More Than Stock" />
      <item value="超出库存" />
      <item value="不存在" />
      <item value="NOT FOUND" />
      <item value="UNAUTHORIZED" />
      <item value="update Order State" />
      <item value="list Orders Between Times" />
      <item value="remove User Carts" />
      <item value="delete Cart By User Id And Sku Id" />
      <item value="select Cart Quantity" />
      <item value="Clearing build system data... Executing pre-compile tasks... Cleaning output directories… Running 'before' tasks Checking sources Copying resources... [csmall-stock] Copying resources... [csmall-commons] Copying resources... [csmall-business] Parsing java… [csmall-stock] Writing classes… [csmall-stock] Updating dependency information… [csmall-stock] Adding nullability assertions… [csmall-stock] Adding threading assertions… [csmall-stock] Adding pattern assertions… [csmall-stock] Parsing java… [csmall-business] Errors occurred while compiling module 'csmall-business' javac 11.0.18 was used to compile java sources Finished, saving caches… Compilation failed: errors: 3; warnings: 0 Executing post-compile tasks... Compilation failed: errors: 3; warnings: 0 Synchronizing output directories... 2023417 17:41 - Build completed with 3 errors and 0 warnings in 6 sec, 580 ms" />
      <item value="invoke" />
    </histories>
    <option name="languageScores">
      <map>
        <entry key="CATALAN" value="1" />
        <entry key="CHINESE" value="8" />
        <entry key="ENGLISH" value="8" />
      </map>
    </option>
  </component>
</application>