<keymap version="1" name="Windows 副本" parent="$default">
  <action id="ActivateBigDataToolWindowToolWindow">
    <keyboard-shortcut first-keystroke="shift ctrl alt b" />
  </action>
  <action id="ActivateBookmarksToolWindow" />
  <action id="ActivateDatabaseToolWindow">
    <keyboard-shortcut first-keystroke="alt 2" />
  </action>
  <action id="ActivateFavoritesToolWindow" />
  <action id="ViewMainMenu">
    <keyboard-shortcut first-keystroke="back_quote" second-keystroke="1" />
  </action>
</keymap>